feature,coefficient
intercept,0.2168873278642174
age_years,-0.0939473223696104
apogee_km,-1.0279456588016618
perigee_km,-3.1476266583084374
inclination_deg,-0.23999795002111157
period_min,2.421406510798979
operator_reliability_score,1.1619424436167323
has_lifetime_data,0.4006184462969385
