feature,coefficient
intercept,0.21688732786423476
age_years,-0.09394732236959945
apogee_km,-1.027945658801693
perigee_km,-3.147626658308369
inclination_deg,-0.2399979500210953
period_min,2.421406510799032
operator_reliability_score,1.1619424436167154
has_lifetime_data,0.4006184462969312
