feature,mean,std
age_years,25.122552408210037,20.2282575699759
apogee_km,4657.241522971878,18806.376630012426
perigee_km,3330.1441962735794,9851.576678146941
inclination_deg,64.07258303437102,25.922276571179406
period_min,250.85250549704895,1229.5877543601314
operator_reliability_score,74.24881379469969,16.970294820347505
has_lifetime_data,0.13308644832773983,0.3396877965471292
